"soc_id","SCCS149","SCCS150","SCCS151","SCCS152","SCCS153","SCCS154","SCCS155","SCCS156","SCCS157","SCCS158","X","xd_id","pref_name_for_society","glottocode","ORIG_name_and_ID_in_this_dataset","alt_names_by_society","main_focal_year","HRAF_name_ID","HRAF_link","origLat","origLong","Lat","Long","Comment","glottocode_comment","sccs149.writing.s","sccs150.residence.s","sccs151.agriculture.s","sccs152.urbanization.s","sccs153.tech_spec.s","sccs154.transport.s","sccs155.money.s","sccs156.dens_pop.s","sccs157.pol_int.s","sccs158.strat.s"
"SCCS1",1,1,1,2,4,2,1,1,3,2,2,"xd3","Nama","nama1265","Nama (SCCS1)","Khoekhoe, Namaqua, Nama Hottentot",1860,"Khoi (FX13)","http://ehrafworldcultures.yale.edu/collection?owc=FX13",-27.5,17,-27.5,17,"Original",NA,0.2,0.2,0.2,0.4,0.8,0.4,0.2,0.2,0.6,0.4
"SCCS10",1,5,4,3,4,1,2,5,2,2,10,"xd81","Luguru","lugu1238","Luguru (SCCS10)","Waluguru",1925,NA,NA,-6.83,37.67,-6.83,37.67,"Original",NA,0.2,1,0.8,0.6,0.8,0.2,0.4,1,0.4,0.4
"SCCS100",1,5,4,4,1,1,1,5,3,3,119,"xd881","Tikopia","tiko1237","Tikopia (SCCS100)",NA,1930,"Tikopia (OT11)","http://ehrafworldcultures.yale.edu/collection?owc=OT11",-12.5,168.5,-12.29,168.83,"Revised",NA,0.2,1,0.8,0.8,0.2,0.2,0.2,1,0.6,0.6
"SCCS101",1,5,4,1,1,1,3,3,2,2,116,"xd869","Bunlap","saaa1241","Pentecost (SCCS101)","Pentecost",1953,NA,NA,-16,168,-15.95,168.22,"Revised",NA,0.2,1,0.8,0.2,0.2,0.2,0.6,0.6,0.4,0.4
"SCCS102",1,5,3,5,2,1,4,5,4,2,115,"xd867","Mbau Fijians","bauu1243","Mbau Fijians (SCCS102)",NA,1840,NA,NA,-18,178.58,-18,178.58,"Original",NA,0.2,1,0.6,1,0.4,0.2,0.8,1,0.8,0.4
"SCCS103",2,5,5,1,2,1,4,2,3,1,117,"xd871","Ajie","ajie1238","Ajie (SCCS103)",NA,1845,NA,NA,-21.33,165.67,-21.33,165.67,"Original",NA,0.4,1,1,0.2,0.4,0.2,0.8,0.4,0.6,0.2
"SCCS104",3,5,4,2,1,1,1,1,3,3,120,"xd891","Māori","maor1246","Maori (SCCS104)","Maori",1820,"Maori (OZ04)","http://ehrafworldcultures.yale.edu/collection?owc=OZ04",-35.33,174.17,-35.33,174.17,"Original",NA,0.6,1,0.8,0.4,0.2,0.2,0.2,0.2,0.6,0.6
"SCCS105",3,5,4,2,1,1,1,4,3,3,121,"xd892","Marquesans","nort2845","Marquesans (SCCS105)",NA,1800,"Marquesas (OX06)","http://ehrafworldcultures.yale.edu/collection?owc=OX06",-8.92,-140.17,-8.92,-140.17,"Original",NA,0.6,1,0.8,0.4,0.2,0.2,0.2,0.8,0.6,0.6
"SCCS106",1,5,4,3,1,1,1,5,4,3,118,"xd880","Upolu Samoans","samo1305","Western Samoans (SCCS106)","Western Samoans, Upolu",1829,"Samoans (OU08)","http://ehrafworldcultures.yale.edu/collection?owc=OU08",-13.75,-172,-13.94,-171.77,"Revised",NA,0.2,1,0.8,0.6,0.2,0.2,0.2,1,0.8,0.6
"SCCS107",1,5,4,3,1,1,3,5,3,3,107,"xd829","Makin","bana1287","Gilbertese (SCCS107)","Gilbertese",1890,NA,NA,3.5,172.33,3.38,172.99,"Revised",NA,0.2,1,0.8,0.6,0.2,0.2,0.6,1,0.6,0.6
"SCCS108",3,5,3,2,1,1,3,5,3,3,108,"xd832","Marshallese - Jaluit Atoll","rali1241","Marshallese (SCCS108)",NA,1900,"Marshallese (OR11)","http://ehrafworldcultures.yale.edu/collection?owc=OR11",6,168.5,6.28,169.49,"Revised","12 Nov 2018 - preferred name updated and dialect assigment corrected (should have been Ralik, rali1241, not Ratak, rata1243).",0.6,1,0.6,0.4,0.2,0.2,0.6,1,0.6,0.6
"SCCS109",1,5,4,3,3,1,3,5,2,1,109,"xd833","Trukese","chuu1238","Trukese (SCCS109)","Chuukese",1947,"Truk (OR19)","http://ehrafworldcultures.yale.edu/collection?owc=OR19",7.4,151.67,7.34,151.6,"Revised",NA,0.2,1,0.8,0.6,0.6,0.2,0.6,1,0.4,0.2
"SCCS11",1,5,5,2,4,1,2,5,2,2,11,"xd109","Kikuyu","kiku1240","Kikuyu (SCCS11)","Aikikuyu",1920,"Gikuyu (FL10)","http://ehrafworldcultures.yale.edu/collection?owc=FL10",-0.67,37.17,-0.67,37.17,"Original",NA,0.2,1,1,0.4,0.8,0.2,0.4,1,0.4,0.4
"SCCS110",2,5,4,2,3,1,4,4,3,4,110,"xd837","Yapese","yape1248","Yapese (SCCS110)",NA,1910,"Yap (OR22)","http://ehrafworldcultures.yale.edu/collection?owc=OR22",9.5,138.17,9.52,138.16,"Revised",NA,0.4,1,0.8,0.4,0.6,0.2,0.8,0.8,0.6,0.8
"SCCS111",1,5,4,1,2,1,4,4,4,3,106,"xd824","Palauans","pala1344","Palauans (SCCS111)",NA,1947,"Belau (OR15)","http://ehrafworldcultures.yale.edu/collection?owc=OR15",7.5,134.5,7.5,134.5,"Original",NA,0.2,1,0.8,0.2,0.4,0.2,0.8,0.8,0.8,0.6
"SCCS112",1,5,5,4,4,2,2,5,1,2,93,"xd743","Ifugao","tuwa1243","Ifugao (SCCS112)",NA,1910,"Ifugao (OA19)","http://ehrafworldcultures.yale.edu/collection?owc=OA19",16.83,121.17,16.83,121.17,"Original","Changed to ifk from ifb on 8 April 2017 based on comment from H. Hammarström: Barton is source, and while he doesn't say specifically which group his observations pertain to, he was working using Kiangan as his base, which would make it Ifugao-Tuwali [ifk]",0.2,1,1,0.8,0.8,0.4,0.4,1,0.2,0.4
"SCCS113",1,4,4,2,4,1,4,3,3,1,91,"xd732","Atayal","atay1247","Atayal (SCCS113)",NA,1930,NA,NA,24.33,120.75,24.33,120.75,"Original",NA,0.2,0.8,0.8,0.4,0.8,0.2,0.8,0.6,0.6,0.2
"SCCS114",5,5,5,5,5,5,5,5,5,5,67,"xd643","Chekiang","wuch1236","Chinese (SCCS114)","Chinese",1936,NA,NA,31,120.08,31,120.08,"Original",NA,1,1,1,1,1,1,1,1,1,1
"SCCS115",4,5,5,2,4,4,2,5,3,2,69,"xd646","Manchu","manc1252","Manchu (SCCS115)",NA,1915,"Manchu (AG01)","http://ehrafworldcultures.yale.edu/collection?owc=AG04",50,125.5,50,125.5,"Original",NA,0.8,1,1,0.4,0.8,0.8,0.4,1,0.6,0.4
"SCCS116",5,5,5,4,5,4,5,5,5,5,66,"xd638","Koreans","kore1280","Koreans (SCCS116)",NA,1947,"Korea (AA01)","http://ehrafworldcultures.yale.edu/collection?owc=AA01",37.6,126.42,37.6,126.42,"Original",NA,1,1,1,0.8,1,0.8,1,1,1,1
"SCCS117",5,5,5,5,5,5,5,5,5,5,70,"xd648","Japanese","nucl1643","Japanese (SCCS117)",NA,1950,"Okayama (AB43)","http://ehrafworldcultures.yale.edu/collection?owc=AB43",34.67,133.67,34.67,133.67,"Original",NA,1,1,1,1,1,1,1,1,1,1
"SCCS118",2,3,2,1,3,1,1,1,2,1,65,"xd635","Ainu","ainu1240","Ainu (SCCS118)","Ainu (Hokkaido), Hokkaido",1880,"Ainu (AB06)","http://ehrafworldcultures.yale.edu/collection?owc=AB06",42.83,143,42.83,143,"Original",NA,0.4,0.6,0.4,0.2,0.6,0.2,0.2,0.2,0.4,0.2
"SCCS119",1,2,1,1,4,3,3,1,2,1,61,"xd617","Nivkh","gily1242","Gilyak (SCCS119)","Gilyak",1890,"Nivkh (RX02)","http://ehrafworldcultures.yale.edu/collection?owc=RX02",54,142.5,53,142,"Revised",NA,0.2,0.4,0.2,0.2,0.8,0.6,0.6,0.2,0.4,0.2
"SCCS12",2,5,5,2,4,1,4,5,5,4,13,"xd124","Ganda","gand1255","Ganda (SCCS12)","Baganda",1875,"Ganda (FK07)","http://ehrafworldcultures.yale.edu/collection?owc=FK07",0.33,32.5,0.33,32.5,"Original",NA,0.4,1,1,0.4,0.8,0.2,0.8,1,1,0.8
"SCCS120",2,1,1,1,4,3,1,1,2,1,64,"xd634","Yukaghir","nort2745","Yukaghir (SCCS120)",NA,1850,NA,NA,64.75,153.5,64.75,153.5,"Original",NA,0.4,0.2,0.2,0.2,0.8,0.6,0.2,0.2,0.4,0.2
"SCCS121",1,2,1,1,4,3,1,1,2,2,62,"xd631","Chukchi","chuk1273","Chukchee (SCCS121)","lygoravetlyan, Ankalyn, Chavchu, Chukchee",1900,"Chukchee (RY02)","http://ehrafworldcultures.yale.edu/collection?owc=RY02",66.5,180,66.5,179.6,"Revised",NA,0.2,0.4,0.2,0.2,0.8,0.6,0.2,0.2,0.4,0.4
"SCCS122",2,3,1,1,2,1,4,1,2,2,128,"xd1066","Deg Xit'an","dege1248","Ingalik (SCCS122)","Ingalik",1885,NA,NA,62.5,-159.5,62.5,-159.5,"Original",NA,0.4,0.6,0.2,0.2,0.4,0.2,0.8,0.2,0.4,0.4
"SCCS123",1,3,1,3,1,1,1,3,3,4,129,"xd1067","Aleut","east2533","Aleut (SCCS123)","Unagan",1824,"Aleut (NA06)","http://ehrafworldcultures.yale.edu/collection?owc=NA06",55.25,-164,55,-162.85,"Revised",NA,0.2,0.6,0.2,0.6,0.2,0.2,0.2,0.6,0.6,0.8
"SCCS124",1,2,1,1,4,3,1,1,1,1,123,"xd1022","Copper Inuit","copp1244","Copper Eskimo (SCCS124)","Kitlinermiut, Copper Eskimo",1915,"Copper Eskimo (ND08)","http://ehrafworldcultures.yale.edu/collection?owc=ND08",68,-112.5,68.72,-112.53,"Revised",NA,0.2,0.4,0.2,0.2,0.8,0.6,0.2,0.2,0.2,0.2
"SCCS125",3,2,1,2,1,1,1,1,2,1,124,"xd1048","Montagnais","mont1268","Montagnais (SCCS125)","Innu, Naskapi",1910,"Montagnais (NH06)","http://ehrafworldcultures.yale.edu/collection?owc=NH06",50,-74,50,-74,"Original","Note 8Feb2018: Not changed, despite comment from HH: ""Naskapi [nsk] is a different lg from Montagnais [moe]"". KK: Decided to leave, after looking into ethnographic materials: Foci are Lake St. John Band and Mistassini band [see KK notes for geographical extent of their territories]. Speck and Heye (1921): ""[the] Pikwagami (""Flat lake,"" Lake St John), are an interior Montagnais culture intermediate between that of the coast and that of the eastern Naskapi and Mistassini. Therefore, Montagnais [moe] is more appropriate choice.",0.6,0.4,0.2,0.4,0.2,0.2,0.2,0.2,0.4,0.2
"SCCS126",3,2,1,1,1,1,4,1,2,1,127,"xd1058","Mi'kmaq","mikm1235","Micmac (SCCS126)","Micmac",1650,"Mi'kmaq (NJ05)","http://ehrafworldcultures.yale.edu/collection?owc=NJ05",46,-63,46.99,-65,"Revised",NA,0.6,0.4,0.2,0.2,0.2,0.2,0.8,0.2,0.4,0.2
"SCCS127",3,2,2,2,1,3,3,1,2,1,125,"xd1049","Northern Saulteaux","alba1270","Saulteaux (SCCS127)","N. Saulteaux, North Sauteaux",1930,"Ojibwa (NG06)","http://ehrafworldcultures.yale.edu/collection?owc=NG06",52,-95.5,52,-95.5,"Original",NA,0.6,0.4,0.4,0.4,0.2,0.6,0.6,0.2,0.4,0.2
"SCCS128",1,3,2,1,1,3,3,1,2,1,122,"xd1034","DeneTha","sout2959","Slave (SCCS128)","Slave, Deh Cho (Southern Slavey), Slavey, Dene (distinguish from speakers of the Dene language)",1940,NA,NA,62,-122,62,-122,"Original",NA,0.2,0.6,0.4,0.2,0.2,0.6,0.6,0.2,0.4,0.2
"SCCS129",1,2,1,1,1,3,1,1,2,1,126,"xd1056","Kaska","kask1239","Kaska (SCCS129)","Nahane",1900,"Kaska (ND12)","http://ehrafworldcultures.yale.edu/collection?owc=ND12",60,-131,60,-131,"Original",NA,0.2,0.4,0.2,0.2,0.2,0.6,0.2,0.2,0.4,0.2
"SCCS13",1,1,1,1,1,1,1,1,1,1,3,"xd5","Mbuti","bila1255","Mbuti (SCCS13)","Sua, BaSua, Kango, BaKango, Bambuti, BaMbuti Pygmies",1950,"Mbuti (FO04)","http://ehrafworldcultures.yale.edu/collection?owc=FO04",1.5,28.33,1.5,28.33,"Original","Note 8Feb2018: Changed. Focus is ""Epulu net-hunters, Ituri forest"". From White pinpointing sheets: ""The Pygmies and Pygmoid peoples of the Congo have been pushed into smaller and smaller areas of the tropical forest since the invasions of Bantu and Sudanic tribes in the 16-17th centuries, and most of the groups have adopted the languages of invading tribes with whom they allied themselves. Mbuti pygmies have adopted the languages of the Bira to the south of them, the Lese to the east, the Mangbetu and Azande to the northwest, and the Mamvu-Mangutu to the north. The [...] Epulu group studied by Turnbull situated to the north of the Ituri and Epulu Rivers, and the majority of the other groups to the south of the Ituri River [...] are net-hunters, and speak a language largely influenced by the Forest Bira."" Note, though, that Ember concordance lists the language as Lese.",0.2,0.2,0.2,0.2,0.2,0.2,0.2,0.2,0.2,0.2
"SCCS130",1,3,1,1,2,1,1,1,3,2,133,"xd1102","Eyak","eyak1241","Eyak (SCCS130)","dAXunhyuu",1890,NA,NA,60.5,-145,60.5,-145,"Original",NA,0.2,0.6,0.2,0.2,0.4,0.2,0.2,0.2,0.6,0.4
"SCCS131",3,3,1,2,4,1,2,1,2,4,130,"xd1068","Haida","nort2938","Haida (SCCS131)",NA,1875,NA,NA,54,-132.5,54,-132.5,"Original",NA,0.6,0.6,0.2,0.4,0.8,0.2,0.4,0.2,0.4,0.8
"SCCS132",2,5,1,1,1,1,3,2,2,4,134,"xd1106","Nuxalk","bell1243","Bellacoola (SCCS132)","Nuxalkmc, Bellacoola, Bilqula, Bella Coola",1880,"Nuxalk (NE06)","http://ehrafworldcultures.yale.edu/collection?owc=NE06",52.33,-126.5,52.33,-126.5,"Original",NA,0.4,1,0.2,0.2,0.2,0.2,0.6,0.4,0.4,0.8
"SCCS133",2,2,1,1,3,1,4,4,2,2,131,"xd1079","Twana","twan1247","Twana (SCCS133)",NA,1860,NA,NA,47.43,-123.25,47.43,-123.25,"Original",NA,0.4,0.4,0.2,0.2,0.6,0.2,0.8,0.8,0.4,0.4
"SCCS134",3,5,1,1,1,1,1,2,1,2,132,"xd1101","Yurok","yuro1248","Yurok (SCCS134)",NA,1850,"Yurok (NS31)","http://ehrafworldcultures.yale.edu/collection?owc=NS31",41.5,-124,41.5,-124,"Original",NA,0.6,1,0.2,0.2,0.2,0.2,0.2,0.4,0.2,0.4
"SCCS135",3,3,1,3,1,1,4,2,2,2,135,"xd1116","Eastern Pomo","east2545","Pomo (Eastern) (SCCS135)","Clear Lake Pomo, Eastern Pomo",1850,"Pomo (NS18)","http://ehrafworldcultures.yale.edu/collection?owc=NS18",39,-123,39,-123,"Original",NA,0.6,0.6,0.2,0.6,0.2,0.2,0.8,0.4,0.4,0.4
"SCCS136",1,3,1,3,1,1,4,3,2,2,136,"xd1123","Southern Valley Yokuts","vall1251","Yokuts (Lake) (SCCS136)","Lake Yokuts, Tachi Yokuts, Chunut Yokuts",1850,"Yokuts (NS29)","http://ehrafworldcultures.yale.edu/collection?owc=NS29",35,-119.5,35,-119.5,"Original",NA,0.2,0.6,0.2,0.6,0.2,0.2,0.8,0.6,0.4,0.4
"SCCS137",2,2,1,2,1,1,1,1,2,1,138,"xd1155","Wadadokado","nort1551","Paiute (Northern) (SCCS137)","Paiute, Northern Paiute",1870,"Northern Paiute (NR13)","http://ehrafworldcultures.yale.edu/collection?owc=NR13",43.5,-119,43.5,-119,"Original",NA,0.4,0.4,0.2,0.4,0.2,0.2,0.2,0.2,0.4,0.2
"SCCS138",2,2,1,1,1,1,1,1,2,2,137,"xd1139","Klamath","klam1254","Klamath (SCCS138)",NA,1860,"Klamath (NR10)","http://ehrafworldcultures.yale.edu/collection?owc=NR10",42.63,-121.67,42.63,-121.67,"Original",NA,0.4,0.4,0.2,0.2,0.2,0.2,0.2,0.2,0.4,0.4
"SCCS139",2,2,1,2,2,2,3,1,2,1,140,"xd1205","Kutenai","kute1249","Kutenai (SCCS139)","Ktunaxa, Kootenay, Kootenai",1890,NA,NA,49,-116.67,49,-116.67,"Original",NA,0.4,0.4,0.2,0.4,0.4,0.4,0.6,0.2,0.4,0.2
"SCCS14",1,5,4,2,4,1,5,2,3,3,14,"xd160","Nkundo","nkun1238","Nkundo Mongo (SCCS14)",NA,1930,"Mongo (FO32)","http://ehrafworldcultures.yale.edu/collection?owc=FO32",-0.75,19.17,-0.75,19.17,"Original",NA,0.2,1,0.8,0.4,0.8,0.2,1,0.4,0.6,0.6
"SCCS140",2,1,1,2,2,3,2,1,3,1,141,"xd1208","Gros Ventre","gros1243","Gros Ventre (SCCS140)","A'ani, A'aninin, Haaninin",1880,"Gros Ventre (NQ13)","http://ehrafworldcultures.yale.edu/collection?owc=NQ13",48,-108,48,-108,"Original",NA,0.4,0.2,0.2,0.4,0.4,0.6,0.4,0.2,0.6,0.2
"SCCS141",2,3,5,4,2,3,1,1,2,1,142,"xd1214","Hidatsa","hida1246","Hidatsa (SCCS141)",NA,1836,NA,NA,47,-101,47,-101,"Original",NA,0.4,0.6,1,0.8,0.4,0.6,0.2,0.2,0.4,0.2
"SCCS142",2,3,4,3,2,3,1,1,3,3,145,"xd1240","Pawnee","pawn1254","Pawnee (SCCS142)",NA,1867,"Pawnee (NQ18)","http://ehrafworldcultures.yale.edu/collection?owc=NQ18",42,-100,42,-100,"Original",NA,0.4,0.6,0.8,0.6,0.4,0.6,0.2,0.2,0.6,0.6
"SCCS143",2,3,3,5,2,3,1,2,3,1,144,"xd1237","Omaha","omah1248","Omaha (SCCS143)","Dhegiha",1860,"Omaha (NQ21)","http://ehrafworldcultures.yale.edu/collection?owc=NQ21",41.43,-96.5,41.43,-96.5,"Original",NA,0.4,0.6,0.6,1,0.4,0.6,0.2,0.4,0.6,0.2
"SCCS144",2,3,4,5,2,1,1,4,4,2,146,"xd1244","Huron","wyan1247","Huron (SCCS144)","Bear and Cord Peoples, Wendat, Ouendat, Attignaouantan, Attinniaoenten, Attigneenongnahac, Hatingeennonniahak",1634,NA,NA,44.5,-79,44.5,-79,"Original",NA,0.4,0.6,0.8,1,0.4,0.2,0.2,0.8,0.8,0.4
"SCCS145",3,3,4,3,3,2,4,2,4,1,147,"xd1252","Muscogee","cree1270","Creek (SCCS145)","Creek, Taskigi Creek",1800,"Creek (NN11)","http://ehrafworldcultures.yale.edu/collection?owc=NN11",32.93,-86,32.93,-86,"Original",NA,0.6,0.6,0.8,0.6,0.6,0.4,0.8,0.4,0.8,0.2
"SCCS146",3,5,4,4,3,1,1,3,4,4,148,"xd1256","Natchez","natc1249","Natchez (SCCS146)",NA,1718,NA,NA,31.5,-91.42,31.5,-91.42,"Original",NA,0.6,1,0.8,0.8,0.6,0.2,0.2,0.6,0.8,0.8
"SCCS147",3,1,1,3,1,3,1,1,2,1,143,"xd1222","Comanche","coma1245","Comanche (SCCS147)",NA,1870,"Comanche (NO06)","http://ehrafworldcultures.yale.edu/collection?owc=NO06",34,-101.5,34,-101.5,"Original",NA,0.6,0.2,0.2,0.6,0.2,0.6,0.2,0.2,0.4,0.2
"SCCS148",2,1,2,1,2,1,1,1,3,1,149,"xd1259","Chiricahua","mesc1238","Chiricahua (SCCS148)","Chiricahua Apache, Eastern Apache",1870,"Eastern Apache (NT08)","http://ehrafworldcultures.yale.edu/collection?owc=NT08",32,-109.5,32,-109.5,"Original",NA,0.4,0.2,0.4,0.2,0.4,0.2,0.2,0.2,0.6,0.2
"SCCS149",3,5,5,5,5,4,3,2,2,1,150,"xd1280","Zuni","zuni1245","Zuni (SCCS149)",NA,1880,"Zuni (NT23)","http://ehrafworldcultures.yale.edu/collection?owc=NT23",35.67,-108.75,35.67,-108.75,"Original",NA,0.6,1,1,1,1,0.8,0.6,0.4,0.4,0.2
"SCCS15",1,5,4,3,4,1,3,3,3,2,15,"xd173","Banen","tune1261","Banen (SCCS15)","Banyin",1935,NA,NA,4.67,10.8,4.67,10.8,"Original",NA,0.2,1,0.8,0.6,0.8,0.2,0.6,0.6,0.6,0.4
"SCCS150",2,2,5,2,2,2,1,1,2,1,139,"xd1163","Havasupai","hava1249","Havasupai (SCCS150)","Plateau Yuma",1918,"Plateau Yumans (NT14)","http://ehrafworldcultures.yale.edu/collection?owc=NT14",35.83,-112.17,35.83,-112.17,"Original",NA,0.4,0.4,1,0.4,0.4,0.4,0.2,0.2,0.4,0.2
"SCCS151",2,3,5,3,2,2,3,4,2,1,151,"xd1287","Tohono O'odham","toho1246","Papago (SCCS151)","Papago",1910,"O'Odham (NU79)","http://ehrafworldcultures.yale.edu/collection?owc=NU79",32,-112,32,-112,"Original",NA,0.4,0.6,1,0.6,0.4,0.4,0.6,0.8,0.4,0.2
"SCCS152",2,5,4,3,3,2,3,2,2,2,152,"xd1288","Huichol","huic1243","Huichol (SCCS152)","Wixárika",1890,NA,NA,22,-105,22,-105,"Original",NA,0.4,1,0.8,0.6,0.6,0.4,0.6,0.4,0.4,0.4
"SCCS153",5,5,5,5,5,1,4,5,4,5,153,"xd1301","Aztec","clas1250","Aztec (SCCS153)","Aztec of Tenochtitlan",1520,"Aztec (NU07)","in process",19,-99.17,19,-99.17,"Original",NA,1,1,1,1,1,0.2,0.8,1,0.8,1
"SCCS154",1,5,4,4,3,1,3,4,3,1,154,"xd1302","Sierra Popoluca","high1276","Popoluca (SCCS154)","Popoluca, Soteapanec Zoque, Soteapan Zoque, Soteapaneco, Soteapan Soke",1940,NA,NA,18.25,-94.83,18.25,-94.83,"Original",NA,0.2,1,0.8,0.8,0.6,0.2,0.6,0.8,0.6,0.2
"SCCS155",4,5,4,5,3,2,3,4,3,2,156,"xd1313","K'iche'","kich1262","Quiche (SCCS155)","Quiche",1930,NA,NA,15,-91,15,-91,"Original",NA,0.8,1,0.8,1,0.6,0.4,0.6,0.8,0.6,0.4
"SCCS156",1,5,4,3,3,1,3,3,3,1,158,"xd1325","Miskito","misk1235","Miskito (SCCS156)","Mískitu, Mosquito",1921,"Miskito (SA15)","http://ehrafworldcultures.yale.edu/collection?owc=SA15",15,-83,15.16,-84.29,"Revised 22Jul2021 by KK to match Glottolog lat lon for language misk1235 as the original SCCS lat lon placed society in the ocean",NA,0.2,1,0.8,0.6,0.6,0.2,0.6,0.6,0.6,0.2
"SCCS157",2,5,4,1,3,1,1,3,2,1,157,"xd1321","Bribri","brib1243","Bribri (SCCS157)","Talamanca",1917,"Talamancans (SA19)","http://ehrafworldcultures.yale.edu/collection?owc=SA19",9,-83.25,9,-83.25,"Original",NA,0.4,1,0.8,0.2,0.6,0.2,0.2,0.6,0.4,0.2
"SCCS158",3,5,4,4,4,1,3,4,3,2,155,"xd1309","Guna","sanb1242","Cuna (Tule) (SCCS158)","Dule, Tule, Cuna, Kuna",1927,"Cuna (SB05)","http://ehrafworldcultures.yale.edu/collection?owc=SB05",9.25,-78.5,9.25,-78.5,"Original","Note 22July2021: Glottocode changed by KK to sanb1242 from bord1248",0.6,1,0.8,0.8,0.8,0.2,0.6,0.8,0.6,0.4
"SCCS159",2,1,2,1,3,2,3,1,3,2,160,"xd1331","Wayuu","wayu1243","Goajiro (SCCS159)","Goajiro",1947,"Goajiro (SC13)","http://ehrafworldcultures.yale.edu/collection?owc=SC13",11.92,-71.75,11.92,-71.75,"Original",NA,0.4,0.2,0.4,0.2,0.6,0.4,0.6,0.2,0.6,0.4
"SCCS16",1,5,4,4,4,1,1,4,3,2,22,"xd320","Tiv","tivv1240","Tiv (SCCS16)","Munshi",1920,"Tiv (FF57)","http://ehrafworldcultures.yale.edu/collection?owc=FF57",7.25,9,7.25,9,"Original",NA,0.2,1,0.8,0.8,0.8,0.2,0.2,0.8,0.6,0.4
"SCCS160",5,5,4,5,4,2,5,5,5,5,161,"xd1334","Haitians","hait1244","Haitians (SCCS160)",NA,1935,"Haitians (SV03)","http://ehrafworldcultures.yale.edu/collection?owc=SV03",18.83,-72.17,18.83,-72.17,"Original",NA,1,1,0.8,1,0.8,0.4,1,1,1,1
"SCCS161",2,4,5,3,3,1,1,3,2,2,159,"xd1326","Callinago","isla1278","Callinago (SCCS161)",NA,1650,"Island Carib (ST13)","http://ehrafworldcultures.yale.edu/collection?owc=ST13",15.5,-60.5,15.41,-61.27,"Revised","Note 8Feb2018: Changed to crb from car as focus is reported in White SCCS pinpointing shees as ""Dominica Island"" (See also note from HH: Most of the refs refer to Island Carib [crb] not Galibi Carib on the mainland.)",0.4,0.8,1,0.6,0.6,0.2,0.2,0.6,0.4,0.4
"SCCS162",2,2,2,1,3,1,1,1,2,1,162,"xd1335","Warao","wara1303","Warrau (SCCS162)","Warrau",1935,"Warao (SS18)","http://ehrafworldcultures.yale.edu/collection?owc=SS18",9.08,-62,9.08,-62,"Original",NA,0.4,0.4,0.4,0.2,0.6,0.2,0.2,0.2,0.4,0.2
"SCCS163",1,4,4,2,1,1,1,1,2,1,166,"xd1361","Yanomami","yano1261","Yanomamo (SCCS163)","Yanomamo, Yanoama",1965,"Yanoama (SQ18)","http://ehrafworldcultures.yale.edu/collection?owc=SQ18",2.42,-65,2.42,-65,"Original",NA,0.2,0.8,0.8,0.4,0.2,0.2,0.2,0.2,0.4,0.2
"SCCS164",2,4,3,1,2,1,1,1,2,1,163,"xd1346","Barama River Carib","mura1272","Barama Carib (SCCS164)","Barama Carib, Carib",1932,"Barama River Carib (SR09)","http://ehrafworldcultures.yale.edu/collection?owc=SR09",7.42,-60.17,7.42,-60.17,"Original","Note 24Sept2018 - KK has high confidence in this dialect assignment (mura1272). The Barama carib location is in Guyana; there is an Etnologue point for Carib here (7.42,-60.17 approx.). This URL gives the relative location of Carib dialects: https://www.mona.uwi.edu/dllp/jlu/ciel/pages/kalihna.htm.",0.4,0.8,0.6,0.2,0.4,0.2,0.2,0.2,0.4,0.2
"SCCS165",3,5,4,2,2,1,1,3,4,1,164,"xd1349","Saramaccan","sara1340","Saramacca (SCCS165)","Saramaccan of Suriname, Saramacca, Bush Negroes",1928,"Saramaka (SR15)","http://ehrafworldcultures.yale.edu/collection?owc=SR15",3.5,-55.75,3.5,-55.75,"Original",NA,0.6,1,0.8,0.4,0.4,0.2,0.2,0.6,0.8,0.2
"SCCS166",1,5,4,2,3,1,1,1,2,1,165,"xd1353","Munduruku","mund1330","Mundurucu (SCCS166)","Wuy Jugu, Mundurucu",1850,"Mundurucu (SQ13)","http://ehrafworldcultures.yale.edu/collection?owc=SQ13",-6.5,-56.5,-6.5,-56.5,"Original",NA,0.2,1,0.8,0.4,0.6,0.2,0.2,0.2,0.4,0.2
"SCCS167",1,5,4,1,2,1,1,1,2,2,169,"xd1369","Cubeo","cube1242","Cubeo (SCCS167)","Jiwa, Tucano",1939,"Tucano (SQ19)","http://ehrafworldcultures.yale.edu/collection?owc=SQ19",1.25,-70.5,1.25,-70.5,"Original",NA,0.2,1,0.8,0.2,0.4,0.2,0.2,0.2,0.4,0.4
"SCCS168",1,5,4,4,3,1,1,2,2,1,173,"xd1376","Chachi","chac1249","Cayapa (SCCS168)","Cayapa",1908,"Chachi (SD06)","http://ehrafworldcultures.yale.edu/collection?owc=SD06",1,-79,1,-79,"Original",NA,0.2,1,0.8,0.8,0.6,0.2,0.2,0.4,0.4,0.2
"SCCS169",1,4,4,1,3,1,1,1,1,1,168,"xd1367","Shuar","shua1257","Jivaro (SCCS169)","Jivaro",1920,"Jivaro (SD09)","http://ehrafworldcultures.yale.edu/collection?owc=SD09",-3,-78,-3,-78,"Original",NA,0.2,0.8,0.8,0.2,0.6,0.2,0.2,0.2,0.2,0.2
"SCCS17",1,5,4,5,4,1,4,5,3,2,17,"xd187","Igbo","nucl1417","Igbo (SCCS17)","Ibo",1935,"Igbo (FF26)","http://ehrafworldcultures.yale.edu/collection?owc=FF26",5.5,7.33,5.5,7.33,"Original",NA,0.2,1,0.8,1,0.8,0.2,0.8,1,0.6,0.4
"SCCS170",1,4,4,1,3,1,1,1,1,1,170,"xd1372","Amahuaca","amah1246","Amahuaca (SCCS170)",NA,1960,NA,NA,-10.33,-72.25,-10.33,-72.25,"Original",NA,0.2,0.8,0.8,0.2,0.6,0.2,0.2,0.2,0.2,0.2
"SCCS171",3,5,5,2,5,2,1,3,5,5,171,"xd1374","Inca","cusc1236","Inca (SCCS171)",NA,1530,"Inca (SE13)","http://ehrafworldcultures.yale.edu/collection?owc=SE13",-13.5,-72,-13.5,-72,"Original",NA,0.6,1,1,0.4,1,0.4,0.2,0.6,1,1
"SCCS172",3,5,5,4,4,2,1,5,3,2,172,"xd1375","Aymara","cent2142","Aymara (SCCS172)",NA,1940,"Aymara (SF05)","http://ehrafworldcultures.yale.edu/collection?owc=SF05",-16,-65.75,-16,-65.75,"Original",NA,0.6,1,1,0.8,0.8,0.4,0.2,1,0.6,0.4
"SCCS173",1,2,2,1,2,1,1,1,2,1,167,"xd1362","Sirionó","siri1273","Siriono (SCCS173)","Miá, Siriono",1942,"Siriono (SF21)","http://ehrafworldcultures.yale.edu/collection?owc=SF21",-14.5,-63.5,-14.5,-63.5,"Original",NA,0.2,0.4,0.4,0.2,0.4,0.2,0.2,0.2,0.4,0.2
"SCCS174",1,2,3,1,3,1,1,1,2,1,180,"xd1401","Nambikwara","sout2994","Nambicuara (SCCS174)","Nambicura",1940,"Nambicuara (SP17)","http://ehrafworldcultures.yale.edu/collection?owc=SP17",-13,-58.75,-13,-58.75,"Original",NA,0.2,0.4,0.6,0.2,0.6,0.2,0.2,0.2,0.4,0.2
"SCCS175",1,5,4,1,3,1,1,1,2,1,179,"xd1399","Trumai","trum1247","Trumai (SCCS175)","Ho kod ke",1938,"Trumai (SP23)","http://ehrafworldcultures.yale.edu/collection?owc=SP23",-11.83,-53.67,-11.83,-53.67,"Original",NA,0.2,1,0.8,0.2,0.6,0.2,0.2,0.2,0.4,0.2
"SCCS176",2,4,4,3,3,1,1,2,2,1,184,"xd1412","Canela","cane1242","Timbira (SCCS176)","Ramcocamecra, Timbira, Canella",1915,"Canela (SO08)","http://ehrafworldcultures.yale.edu/collection?owc=SO08",-6.5,-46,-6.5,-46,"Original",NA,0.4,0.8,0.8,0.6,0.6,0.2,0.2,0.4,0.4,0.2
"SCCS177",1,4,4,4,3,1,1,1,3,2,186,"xd1416","Tupinambá","tupi1273","Tupinamba (SCCS177)","Tupinamba",1550,"Tupinamba (SO09)","http://ehrafworldcultures.yale.edu/collection?owc=SO09",-22.79,-44.5,-22.79,-44.5,"Original",NA,0.2,0.8,0.8,0.8,0.6,0.2,0.2,0.2,0.6,0.4
"SCCS178",1,1,1,1,1,1,1,1,2,1,185,"xd1413","Aimoré","kren1239","Botocudo (SCCS178)","Nac-nanuk, Nac-poruk, Botocudo",1884,NA,NA,-19,-42.5,-19,-42.5,"Original",NA,0.2,0.2,0.2,0.2,0.2,0.2,0.2,0.2,0.4,0.2
"SCCS179",1,2,2,3,1,1,1,1,2,1,182,"xd1409","Shavante","xava1240","Shavante (SCCS179)",NA,1958,NA,NA,-13.5,-51.5,-13.5,-51.5,"Original",NA,0.2,0.4,0.4,0.6,0.2,0.2,0.2,0.2,0.4,0.2
"SCCS18",3,5,4,5,5,1,4,4,5,4,16,"xd186","Fon","fonn1241","Fon (SCCS18)","Dahomey, Dahomeans",1890,NA,NA,7.2,1.91,7.2,1.91,"Original",NA,0.6,1,0.8,1,1,0.2,0.8,0.8,1,0.8
"SCCS180",1,1,1,1,2,1,1,1,1,1,183,"xd1411","Aweikoma","xokl1240","Aweikoma (SCCS180)","Xokleng, Shokleng, Botocudo of Santa Catarina, Bugre, Kaingang of Santa Catarina (though Aweikoma and Kaingang today considered separate groups)",1932,"Xokleng (SM03)","http://ehrafworldcultures.yale.edu/collection?owc=SM03",-28,-50,-28,-50,"Original",NA,0.2,0.2,0.2,0.2,0.4,0.2,0.2,0.2,0.2,0.2
"SCCS181",1,2,3,1,3,1,1,1,2,1,181,"xd1408","Cayua","mbya1239","Cayua (SCCS181)","Abá, Cayua, Caingua, Guaraní, Guarani",1890,"Cayua (SM04)","http://ehrafworldcultures.yale.edu/collection?owc=SM04",-23.5,-55,-23.5,-55,"Original",NA,0.2,0.4,0.6,0.2,0.6,0.2,0.2,0.2,0.4,0.2
"SCCS182",2,1,3,2,3,2,1,1,2,1,178,"xd1396","Lengua","nort2971","Lengua (SCCS182)",NA,1889,NA,NA,-23,-58.5,-23,-58.5,"Original",NA,0.4,0.2,0.6,0.4,0.6,0.4,0.2,0.2,0.4,0.2
"SCCS183",1,1,1,3,3,2,1,1,2,4,177,"xd1390","Abipón","abip1241","Abipon (SCCS183)","Abipon, Abipones",1750,"Abipon (SI04)","http://ehrafworldcultures.yale.edu/collection?owc=SI04",-28,-59.5,-28,-59.5,"Original",NA,0.2,0.2,0.2,0.6,0.6,0.4,0.2,0.2,0.4,0.8
"SCCS184",2,5,5,1,4,4,3,4,3,2,175,"xd1384","Mapuche","mapu1245","Mapuche (SCCS184)",NA,1950,"Aracuanians (SG04)","http://ehrafworldcultures.yale.edu/collection?owc=SG04",-38.5,-72.58,-38.5,-72.58,"Original",NA,0.4,1,1,0.2,0.8,0.8,0.6,0.8,0.6,0.4
"SCCS185",1,1,1,2,4,2,1,1,2,1,176,"xd1386","Tehuelche","tehu1242","Tehuelche (SCCS185)","Patagon",1870,"Tehuelche (SH05)","http://ehrafworldcultures.yale.edu/collection?owc=SH05",-40.5,-68,-40.5,-68,"Original",NA,0.2,0.2,0.2,0.4,0.8,0.4,0.2,0.2,0.4,0.2
"SCCS186",1,1,1,1,1,1,1,1,2,1,174,"xd1383","Yahgan","yama1264","Yahgan (SCCS186)",NA,1865,"Yahgan (SH06)","http://ehrafworldcultures.yale.edu/collection?owc=SH06",-55.5,-69.5,-55.5,-69.5,"Original",NA,0.2,0.2,0.2,0.2,0.2,0.2,0.2,0.2,0.4,0.2
"SCCS19",1,5,4,3,4,1,4,4,5,3,18,"xd208","Ashanti","asan1239","Ashanti (SCCS19)","Twi",1895,"Twi (FE12)","http://ehrafworldcultures.yale.edu/collection?owc=FE12",7,-1.5,7,-1.5,"Original",NA,0.2,1,0.8,0.6,0.8,0.2,0.8,0.8,1,0.6
"SCCS2",2,1,1,1,1,1,1,1,2,1,1,"xd1","!Kung","juho1239","Kung (SCCS2)","Kung Bushmen, !Kung (Was Nyae), Was Nyae",1950,"San (FX10)","http://ehrafworldcultures.yale.edu/collection?owc=FX10",-19.83,20.58,-19.83,20.58,"Original",NA,0.4,0.2,0.2,0.2,0.2,0.2,0.2,0.2,0.4,0.2
"SCCS20",1,5,4,2,5,1,3,4,3,4,19,"xd230","Mende","mend1266","Mende (SCCS20)",NA,1945,"Mende (FC07)","http://ehrafworldcultures.yale.edu/collection?owc=FC07",7.83,-12,7.83,-12,"Original",NA,0.2,1,0.8,0.4,1,0.2,0.6,0.8,0.6,0.8
"SCCS21",4,5,4,2,5,2,3,5,4,5,35,"xd469","Wolof","nucl1347","Wolof (SCCS21)",NA,1950,"Wolof (MS30)","http://ehrafworldcultures.yale.edu/collection?owc=MS30",13.75,-15.33,13.75,-15.33,"Original",NA,0.8,1,0.8,0.4,1,0.4,0.6,1,0.8,1
"SCCS22",3,5,5,4,5,3,3,3,3,4,20,"xd244","Bambara","bamb1269","Bambara (SCCS22)","Bamana",1902,"Bambara (FA08)","http://ehrafworldcultures.yale.edu/collection?owc=FA08",12.5,-7,12.5,-7,"Original",NA,0.6,1,1,0.8,1,0.6,0.6,0.6,0.6,0.8
"SCCS23",1,5,5,4,4,1,3,5,2,2,21,"xd277","Tallensi","taln1239","Tallensi (SCCS23)",NA,1934,"Tallensi (FE11)","http://ehrafworldcultures.yale.edu/collection?owc=FE11",10.66,-0.57,10.66,-0.57,"Original",NA,0.2,1,1,0.8,0.8,0.2,0.6,1,0.4,0.4
"SCCS24",4,5,5,4,4,2,1,3,3,5,38,"xd480","Songhai","koyr1242","Songhai (SCCS24)",NA,1940,NA,NA,16.58,-1.67,16.58,-1.67,"Original","Changed to koyr1242 from zarm1239 on 3Oct2018. Reason: The SCCS focus is on the ""Bamba, or central division"" Songhai. The Bamba dialect of Koyraboro Senni Songhai appears to dominate in the Bamba area. (""The major dialectal differences [in Koyraboro Senni Songhai] involve the Bamba area in the west versus the mainstream dialect (from the Gao area to the border). [...] Bamba [dialect] is represented by 66 pages of texts [in Heath's ""Texts in Koroboro Senni Songhay of Gao, Mali""] , enough to bring out the grammatical particularities of this variety."") (Note previous D-PLACE changes include a change on 8Feb2018 from Humburi Senni Songhay (humb1243) to Zarma-Kaado-Dendi (zarm1239). This change was incorrect, and is superceded by the change to koyr1242). Note, this change may not be incorporated to Bouckaert/Atkinson global tree because of timing of correction.",0.8,1,1,0.8,0.8,0.4,0.2,0.6,0.6,1
"SCCS25",1,1,2,2,1,2,1,2,3,1,36,"xd474","Wodaabe Fulani","boro1274","Pastoral Fulani (SCCS25)","Pastoral Fulani, Wodaabe",1951,NA,NA,15,7.5,15,7.5,"Original",NA,0.2,0.2,0.4,0.4,0.2,0.4,0.2,0.4,0.6,0.2
"SCCS26",5,5,5,5,4,2,3,4,5,5,37,"xd476","Zazzagawa Hausa","haus1257","Hausa (SCCS26)","Hausa, Zazzagawa, Hausa of Zaria, Hausa of Zazzau",1900,"Hausa (MS12)","http://ehrafworldcultures.yale.edu/collection?owc=MS12",10.5,7.5,10.5,7.5,"Original","Note 22Jul2021 - matched to language haus1257, replacing previous match to dialect araw1280 (this match was deemed inaccurate - according to Wikipedia, araw1280 is a northern dialect, when instead the best match would be a southern dialect. No southern dialect was found in Glottolog, hence the language-level match.) Suggestion: Glottolog should add a southern dialect. According to wikipedia page for Hausa Language, 'Zazzaganci in Zazzau is the major Southern dialect'; according to SCCS pinpointing sheets, Zazzagawa Hausa are those in the Zaria (also known as the 'Zazzau Emirate') region",1,1,1,1,0.8,0.4,0.6,0.8,1,1
"SCCS27",1,5,5,3,4,1,1,4,2,1,27,"xd383","Masa","masa1322","Masa (SCCS27)","Massa",1910,NA,NA,10.5,15.5,10.5,15.5,"Original",NA,0.2,1,1,0.6,0.8,0.2,0.2,0.8,0.4,0.2
"SCCS28",2,5,4,2,4,1,4,2,4,3,24,"xd359","Azande","zand1248","Azande (SCCS28)","Niam-Niam",1905,"Azande (FO07)","http://ehrafworldcultures.yale.edu/collection?owc=FO07",5.08,28.25,5.08,28.25,"Original",NA,0.4,1,0.8,0.4,0.8,0.2,0.8,0.4,0.8,0.6
"SCCS29",5,5,5,2,5,2,2,3,5,3,34,"xd466","Fur","furr1244","Fur (SCCS29)","Darfur",1880,NA,NA,13.5,25.5,13.5,25.5,"Original",NA,1,1,1,0.4,1,0.4,0.4,0.6,1,0.6
"SCCS3",1,4,4,1,4,1,3,5,4,3,6,"xd27","Tsonga","tson1249","Thonga (SCCS3)","Thonga, Tonga, Vatsonga, Bathonga",1895,"Tsonga (FT06)","http://ehrafworldcultures.yale.edu/collection?owc=FT06",-25.83,32.33,-25.83,32.33,"Original",NA,0.2,0.8,0.8,0.2,0.8,0.2,0.6,1,0.8,0.6
"SCCS30",2,5,5,4,4,1,1,3,1,2,23,"xd338","Otoro","otor1240","Otoro (SCCS30)","Otoro Nuba, Nuba",1930,NA,NA,11.33,30.67,11.33,30.67,"Original",NA,0.4,1,1,0.8,0.8,0.2,0.2,0.6,0.2,0.4
"SCCS31",1,5,4,4,4,1,1,4,3,5,26,"xd380","Shilluk","shil1265","Shilluk (SCCS31)",NA,1910,"Shilluk (FJ23)","http://ehrafworldcultures.yale.edu/collection?owc=FJ23",9.75,31.5,9.75,31.5,"Original",NA,0.2,1,0.8,0.8,0.8,0.2,0.2,0.8,0.6,1
"SCCS32",1,5,4,1,4,1,3,3,2,1,25,"xd378","Mao","hozo1236","Mao (SCCS32)",NA,1939,NA,NA,9.27,34.67,9.27,34.67,"Original",NA,0.2,1,0.8,0.2,0.8,0.2,0.6,0.6,0.4,0.2
"SCCS33",2,5,5,1,5,2,2,4,5,4,31,"xd438","Kafa","kafa1242","Kafa (SCCS33)","Kafecho, Kaffa",1905,"Kaffa (MP14)","http://ehrafworldcultures.yale.edu/collection?owc=MP14",7.27,36.5,7.27,36.5,"Original",NA,0.4,1,1,0.2,1,0.4,0.4,0.8,1,0.8
"SCCS34",1,1,1,3,4,2,2,2,2,1,28,"xd395","Maasi","masa1300","Masai (SCCS34)","Masai",1900,"Masai (FL12)","http://ehrafworldcultures.yale.edu/collection?owc=FL12",-3.5,36.75,-3.5,36.75,"Original",NA,0.2,0.2,0.2,0.6,0.8,0.4,0.4,0.4,0.4,0.2
"SCCS35",1,5,5,5,5,2,1,5,3,2,29,"xd415","Konso","kons1243","Konso (SCCS35)",NA,1935,NA,NA,5.25,37.5,5.25,37.5,"Original",NA,0.2,1,1,1,1,0.4,0.2,1,0.6,0.4
"SCCS36",4,1,2,4,4,2,3,3,3,2,30,"xd426","Somali (Dolbahanta)","nort3051","Somali (SCCS36)",NA,1900,"Somali (MO04)","http://ehrafworldcultures.yale.edu/collection?owc=MO04",9,47.25,9,47.25,"Original",NA,0.8,0.2,0.4,0.8,0.8,0.4,0.6,0.6,0.6,0.4
"SCCS37",5,5,5,3,5,2,3,4,5,5,33,"xd455","Amhara","amha1245","Amhara (SCCS37)",NA,1953,"Amhara (MP05)","http://ehrafworldcultures.yale.edu/collection?owc=MP05",12.5,37.75,12.5,37.75,"Original",NA,1,1,1,0.6,1,0.4,0.6,0.8,1,1
"SCCS38",1,3,3,4,2,2,3,2,3,4,32,"xd445","Blin","bili1260","Bogo (SCCS38)","Bogo, Belen, Bilin",1855,NA,NA,15.75,38.75,15.75,38.75,"Original",NA,0.2,0.6,0.6,0.8,0.4,0.4,0.6,0.4,0.6,0.8
"SCCS39",5,5,5,1,3,2,5,4,2,2,41,"xd507","Barabra","kenu1236","Kenuzi Nubians  (SCCS39)","Kenuzi Nubians",1900,NA,NA,23,38.75,23,39.11,"Revised",NA,1,1,1,0.2,0.6,0.4,1,0.8,0.4,0.4
"SCCS4",1,3,5,4,3,1,1,3,5,4,5,"xd26","Lozi","lozi1239","Lozi (SCCS4)",NA,1900,"Lozi (FQ09)","http://ehrafworldcultures.yale.edu/collection?owc=FQ09",-16,23.5,-16,23.5,"Original",NA,0.2,0.6,1,0.8,0.6,0.2,0.2,0.6,1,0.8
"SCCS40",2,1,2,1,4,2,3,1,2,3,39,"xd498","Teda","teda1241","Teda (SCCS40)","Toubou",1950,"Teda (MS22)","http://ehrafworldcultures.yale.edu/collection?owc=MS22",20.5,17.5,20.5,17.5,"Original",NA,0.4,0.2,0.4,0.2,0.8,0.4,0.6,0.2,0.4,0.6
"SCCS41",4,1,3,1,4,2,2,1,4,4,40,"xd506","Tuareg Ahaggar","hogg1238","Tuareg (SCCS41)","Tuareg",1900,"Tuareg (MS25)","http://ehrafworldcultures.yale.edu/collection?owc=MS25",23,6.5,23,6.5,"Original",NA,0.8,0.2,0.6,0.2,0.8,0.4,0.4,0.2,0.8,0.8
"SCCS42",5,5,5,4,5,2,5,5,4,2,43,"xd521","Riffians","tari1263","Riffians (SCCS42)",NA,1926,"Berbers of Morocco (MX03)","http://ehrafworldcultures.yale.edu/collection?owc=MX03",34.92,-3.25,34.92,-3.25,"Original",NA,1,1,1,0.8,1,0.4,1,1,0.8,0.4
"SCCS43",5,5,5,5,5,2,5,5,5,5,42,"xd518","Egyptians","egyp1253","Egyptians (SCCS43)","Fellahin, Fellaheen",1950,"Fellahin (MR13)","http://ehrafworldcultures.yale.edu/collection?owc=MR13",24.75,33,24.75,33,"Original",NA,1,1,1,1,1,0.4,1,1,1,1
"SCCS44",5,5,5,5,5,2,5,5,4,5,55,"xd589","Hebrews","anci1244","Hebrews (SCCS44)",NA,-621,NA,NA,31.18,34.92,31.18,34.92,"Original","Changed from hebr [hbr] to anci1244 [hbo] in Nov 2018 based on date of cultural observations",1,1,1,1,1,0.4,1,1,0.8,1
"SCCS45",5,5,5,5,5,4,5,5,5,5,56,"xd590","Babylonians","akka1240","Babylonians (SCCS45)",NA,-1750,NA,NA,32.58,44.75,32.58,44.75,"Original","Changed from tmr to akk on 8 April 2017 based on comment from H. Hammarström: several [of the sources] deal with Babylonia in Hammurabi's time. The language spoken by this culture was Akkadian [akk].",1,1,1,1,1,0.8,1,1,1,1
"SCCS46",5,1,1,1,4,2,3,1,3,2,54,"xd588","Rwala","east2690","Rwala Bedouin (SCCS46)","Rwala Bedouin",1913,"Rwala (MD04)","http://ehrafworldcultures.yale.edu/collection?owc=MD04",33.25,38.5,33.25,38.5,"Original","Changed from ars to avl on 8 April 2017 based on comment from H. Hammarström: The sources pertain to Bedouin tribes of the Sinai (like the Rwala) they are covered in the Eastern Egyptian Bedawi Arabic entry in Ethnologue [avl]. April 2019: Note that HRAF summary suggests a link to najd1235 (ars) is more appropriate, however najd1235 is spoken further East than the territory described by the same HRAF summary (which reports Rwala Bedouin as grazing their livestock along the Jordan-Saudia Arabia border, North to Damascus (or even Homs), South to the Nafud desert, east (sometimes) to Karbala, Iraq).",1,0.2,0.2,0.2,0.8,0.4,0.6,0.2,0.6,0.4
"SCCS47",5,5,5,4,5,5,5,4,5,5,53,"xd581","Turks","nucl1301","Turks (SCCS47)",NA,1950,"Turks (MB01)","http://ehrafworldcultures.yale.edu/collection?owc=MB01",39.33,34.25,39.33,34.25,"Original",NA,1,1,1,0.8,1,1,1,0.8,1,1
"SCCS48",5,3,5,2,4,2,5,4,4,2,44,"xd528","Gheg","gheg1238","Gheg Albanians (SCCS48)","Albanians",1910,"Albanians (EG01)","http://ehrafworldcultures.yale.edu/collection?owc=EG01",42,20.17,42,20.17,"Original",NA,1,0.6,1,0.4,0.8,0.4,1,0.8,0.8,0.4
"SCCS49",5,5,5,5,5,4,5,5,5,5,45,"xd530","Ancient Romans","lati1261","Romans (SCCS49)","Romans",110,"Imperial Romans (EI09)","http://ehrafworldcultures.yale.edu/collection?owc=EI09",41.67,13.5,41.67,13.5,"Original",NA,1,1,1,1,1,0.8,1,1,1,1
"SCCS5",1,5,4,2,4,1,4,3,4,4,7,"xd28","Mbundu","umbu1257","Mbundu (SCCS5)","Banano, Mbari, Nano, Ovimbundu",1890,"Mbundu (FP13)","http://ehrafworldcultures.yale.edu/collection?owc=FP13",-12.25,16.5,-12.25,16.5,"Original",NA,0.2,1,0.8,0.4,0.8,0.2,0.8,0.6,0.8,0.8
"SCCS50",5,5,5,5,5,5,5,3,4,5,46,"xd535","Spanish Basques","west1508","Basques (SCCS50)","Spanish Basques",1934,"Basques (EX08)","http://ehrafworldcultures.yale.edu/collection?owc=EX08",43.25,-1.67,43.25,-1.67,"Original",NA,1,1,1,1,1,1,1,0.6,0.8,1
"SCCS51",5,5,5,4,5,5,5,4,4,5,47,"xd543","Irish","iris1253","Irish (SCCS51)","Gaelic",1932,"Rural Irish (ER06)","http://ehrafworldcultures.yale.edu/collection?owc=ER06",53.5,-10,53.5,-10,"Original",NA,1,1,1,0.8,1,1,1,0.8,0.8,1
"SCCS52",2,1,2,1,3,2,1,2,2,2,48,"xd544","Sami","nort2671","Lapps (SCCS52)","Lapps",1950,"Lapps (EP04)","http://ehrafworldcultures.yale.edu/collection?owc=EP04",68.7,21.5,68.7,21.5,"Original","25Sept2018 - glotto id changed from nort2671 to lule1254 on 25Sept2018 as previous change was only applied to ISO code. 8April2017 - Changed from smj to sme based on comment from H. Hammarström: Haglund worked with Karesuando Saami, which is Northern Sami [sme]. Note, this change may not be incorporated to Bouckaert/Atkinson global tree because of timing of correction.",0.4,0.2,0.4,0.2,0.6,0.4,0.2,0.4,0.4,0.4
"SCCS53",2,1,2,1,1,3,3,1,2,2,63,"xd632","Yurak-Samoyeds","nene1249","Yurak Samoyed (SCCS53)","Nenets, Yurak",1894,"Samoyed and/or Nenets (RU04/RU41)","http://ehrafworldcultures.yale.edu/collection?owc=RU04",68,51.5,68,51.5,"Original",NA,0.4,0.2,0.4,0.2,0.2,0.6,0.6,0.2,0.4,0.4
"SCCS54",5,5,5,5,5,5,5,3,5,5,49,"xd548","Russians","russ1263","Russians (SCCS54)",NA,1955,NA,NA,52.67,41.33,52.67,41.33,"Original",NA,1,1,1,1,1,1,1,0.6,1,1
"SCCS55",4,5,3,3,4,4,1,4,3,5,52,"xd577","Abkhaz","abkh1244","Abkhaz (SCCS55)",NA,1880,"Abkhaz (RI03)","http://ehrafworldcultures.yale.edu/collection?owc=RI03",43.13,40.77,43.13,40.77,"Original",NA,0.8,1,0.6,0.6,0.8,0.8,0.2,0.8,0.6,1
"SCCS56",5,5,5,4,5,2,3,4,5,5,50,"xd575","Armenians","nucl1235","Armenians (SCCS56)",NA,1843,NA,NA,40,44.5,40,44.5,"Original",NA,1,1,1,0.8,1,0.4,0.6,0.8,1,1
"SCCS57",4,5,5,5,5,2,5,5,4,3,51,"xd576","Kurd","cent1972","Kurd (SCCS57)",NA,1951,"Kurd (MA11)","http://ehrafworldcultures.yale.edu/collection?owc=MA11",36.5,44.5,36.5,44.5,"Original",NA,0.8,1,1,1,1,0.4,1,1,0.8,0.6
"SCCS58",4,1,3,2,4,2,1,2,4,2,58,"xd605","Basseri","bass1257","Basseri (SCCS58)",NA,1958,"Basseri (MA10)","http://ehrafworldcultures.yale.edu/collection?owc=MA10",29,53,29,53,"Original",NA,0.8,0.2,0.6,0.4,0.8,0.4,0.2,0.4,0.8,0.4
"SCCS59",5,5,5,3,5,2,5,5,5,5,57,"xd600","Punjabi","west2386","Punjabi (West) (SCCS59)","Punjabi (West)",1950,NA,NA,32.5,74,32.5,74,"Original","Note 8Feb2018: Changed based on note by HH: ""References look more like Western Panjabi [pnb] in Pakistan"". Focus does indeed seem to be in Western Pakistan. Note that there is an unclear note in the White SCCS pinpointing sheet for this society: ""Representative of West Punjabi (not in the Ethnographic Atlas) [sic]; Focus: Village of Mohla, Punjabi of southern Rawalpindi and northern Lahore Divisions, 32°30N and 74°E, about 1952 [...] The village of Mohla, studied by Eglar, is the most fully described, and represents the less developed form of agriculture, lacking irrigation. Coders should be careful in inferring from other village studies, since each village is highly distinctive in terms of caste composition and economic position. Honigmann's village, in the desert of southwest Rawalpindi, was founded very recently by East Punjabi are close [sic]; this village utilizes newly constructed irrigation works. The village surveys by Dass and Ghulam Yasim have not been evaluated.""",1,1,1,0.6,1,0.4,1,1,1,1
"SCCS6",1,4,4,1,4,1,4,3,5,3,8,"xd41","Suku","suku1259","Suku (SCCS6)",NA,1920,NA,NA,-6,18,-6,18,"Original",NA,0.2,0.8,0.8,0.2,0.8,0.2,0.8,0.6,1,0.6
"SCCS60",1,4,4,1,4,1,4,3,3,2,75,"xd679","Madia","mari1414","Gond (SCCS60)","Maria Gond, Gond",1938,"Gond (AW32)","http://ehrafworldcultures.yale.edu/collection?owc=AW32",19.63,80.92,19.63,80.92,"Original","Note 8Feb2018: Changed based on note by HH: Unclear why this is attributed to Dandami Maria rather than Maria [mrr]. Focus according to White SCCS pinpointing sheets: ""Hill Maria Gond of Antagarh and northern Kutru Districts, Bastar State.""",0.2,0.8,0.8,0.2,0.8,0.2,0.8,0.6,0.6,0.4
"SCCS61",1,3,1,1,1,1,3,4,3,1,76,"xd680","Toda","toda1252","Toda (SCCS61)",NA,1900,"Toda (AW60)","http://ehrafworldcultures.yale.edu/collection?owc=AW60",11.5,76.5,11.5,76.5,"Original",NA,0.2,0.6,0.2,0.2,0.2,0.2,0.6,0.8,0.6,0.2
"SCCS62",2,5,5,2,3,1,3,5,4,1,73,"xd661","Santal","sant1410","Santal (SCCS62)","Santhal, Saontal",1940,"Santal (AW42)","http://ehrafworldcultures.yale.edu/collection?owc=AW42",23.5,87.17,23.5,87.17,"Original",NA,0.4,1,1,0.4,0.6,0.2,0.6,1,0.8,0.2
"SCCS63",5,5,5,5,5,5,5,5,5,5,74,"xd663","Uttar Pradesh","bhoj1244","Uttar Pradesh (SCCS63)",NA,1945,"Uttar (AW19)","http://ehrafworldcultures.yale.edu/collection?owc=AW19",25.92,83,25.92,83,"Original",NA,1,1,1,1,1,1,1,1,1,1
"SCCS64",4,5,5,2,4,2,1,2,3,5,71,"xd654","Burusho","buru1296","Burusho (SCCS64)",NA,1934,"Burusho (AV07)","http://ehrafworldcultures.yale.edu/collection?owc=AV07",36.43,74.58,36.43,74.58,"Original",NA,0.8,1,1,0.4,0.8,0.4,0.2,0.4,0.6,1
"SCCS65",4,2,1,4,4,2,3,2,4,4,59,"xd609","Kazakh","kaza1248","Kazak (SCCS65)","Kazak",1885,"Kazakh (RQ02)","http://ehrafworldcultures.yale.edu/collection?owc=RQ02",42.5,75.5,42.5,75.5,"Original",NA,0.8,0.4,0.2,0.8,0.8,0.4,0.6,0.4,0.8,0.8
"SCCS66",5,2,2,1,4,4,3,2,5,4,60,"xd611","Khalka","halh1238","Khalka Mongols (SCCS66)","Xanx, Khalka Mongols",1920,"Mongolia (AH01)","http://ehrafworldcultures.yale.edu/collection?owc=AH01",47.17,96.08,47.17,96.08,"Original",NA,1,0.4,0.4,0.2,0.8,0.8,0.6,0.4,1,0.8
"SCCS67",5,5,5,2,4,2,4,2,2,4,68,"xd645","Lolo","sich1238","Lolo (SCCS67)","Yi, Nosu",1910,"Yi (AE04)","http://ehrafworldcultures.yale.edu/collection?owc=AE04",27.5,103.5,27.5,103.5,"Original",NA,1,1,1,0.4,0.8,0.4,0.8,0.4,0.4,0.8
"SCCS68",4,5,5,2,3,1,3,4,3,2,72,"xd655","Lepcha","lepc1244","Lepcha (SCCS68)","Rong",1937,"Lepcha (AK05)","http://ehrafworldcultures.yale.edu/collection?owc=AK05",27.5,89,27.5,89,"Original",NA,0.8,1,1,0.4,0.6,0.2,0.6,0.8,0.6,0.4
"SCCS69",1,5,4,3,4,1,3,4,4,2,81,"xd696","Garo","garo1247","Garo (SCCS69)","A.Chik",1955,"Garo (AR05)","http://ehrafworldcultures.yale.edu/collection?owc=AR05",26,91,26,91,"Original",NA,0.2,1,0.8,0.6,0.8,0.2,0.6,0.8,0.8,0.4
"SCCS7",2,4,4,2,4,1,1,2,5,3,9,"xd55","Bemba","town1238","Bemba (SCCS7)","Awemba",1897,"Bemba (FQ05)","http://ehrafworldcultures.yale.edu/collection?owc=FQ05",-10.5,30.5,-10.5,30.5,"Original",NA,0.4,0.8,0.8,0.4,0.8,0.2,0.2,0.4,1,0.6
"SCCS70",2,5,4,3,4,1,2,3,3,4,83,"xd710","Maras","mara1382","Lakher (SCCS70)","Lakher",1930,NA,NA,22.33,93,22.33,93,"Original",NA,0.4,1,0.8,0.6,0.8,0.2,0.4,0.6,0.6,0.8
"SCCS71",5,5,5,4,5,4,5,5,5,5,82,"xd709","Burmese","nucl1310","Burmese (SCCS71)","Bamar people",1965,"Burmans (AP04)","http://ehrafworldcultures.yale.edu/collection?owc=AP04",22,95.67,22,95.67,"Original",NA,1,1,1,0.8,1,0.8,1,1,1,1
"SCCS72",1,3,4,2,1,1,2,1,2,2,84,"xd716","Lamet","lame1256","Lamet (SCCS72)",NA,1940,NA,NA,20,100.67,20,100.67,"Original",NA,0.2,0.6,0.8,0.4,0.2,0.2,0.4,0.2,0.4,0.4
"SCCS73",5,5,5,4,5,5,3,5,5,5,89,"xd726","Annamese","viet1252","Vietnamese (SCCS73)","Vietnamese",1930,"Vietnam (AM11)","http://ehrafworldcultures.yale.edu/collection?owc=AM11",20.5,106.25,20.5,106.25,"Original",NA,1,1,1,0.8,1,1,0.6,1,1,1
"SCCS74",1,4,4,4,3,1,3,5,2,2,85,"xd717","Rade","rade1240","Rhade (SCCS74)","Rhade",1962,NA,NA,13,108,13,108,"Original",NA,0.2,0.8,0.8,0.8,0.6,0.2,0.6,1,0.4,0.4
"SCCS75",3,5,5,5,5,4,5,4,5,5,86,"xd722","Ancient Khmer","oldk1249","Khmer (SCCS75)","Khmer",1292,NA,NA,13,103.83,13,103.83,"Original","Changed to [oldk1249][qok] by kk on 5Sept2018. Note, this change may not be incorporated to Bouckaert/Atkinson global tree because of timing of correction.",0.6,1,1,1,1,0.8,1,0.8,1,1
"SCCS76",5,5,5,5,5,5,5,5,5,5,90,"xd731","Thai","thai1261","Siamese (SCCS76)","Siamese, Central Thai",1955,NA,NA,14,100.85,14,100.85,"Original",NA,1,1,1,1,1,1,1,1,1,1
"SCCS77",1,1,2,1,1,1,1,1,2,1,88,"xd725","Semang","kens1248","Semang (SCCS77)",NA,1925,"Semang (AN07)","http://ehrafworldcultures.yale.edu/collection?owc=AN07",5,101.25,5,101.25,"Original",NA,0.2,0.2,0.4,0.2,0.2,0.2,0.2,0.2,0.4,0.2
"SCCS78",2,5,4,3,4,1,1,4,2,1,80,"xd691","Nicobarese","carn1240","Nicobarese (SCCS78)","Holchu",1870,NA,NA,7,93.75,7,93.75,"Original",NA,0.4,1,0.8,0.6,0.8,0.2,0.2,0.8,0.4,0.2
"SCCS79",1,2,1,1,2,1,1,2,2,1,77,"xd686","Andamanese","akab1249","Andamanese (SCCS79)","Big Andaman Island, Andamese",1860,"Andamans (AZ02)","http://ehrafworldcultures.yale.edu/collection?owc=AZ02",11.75,93.08,12,93,"Revised","Changed to abj from apq on 8 April 2017 based on comments from H. Hammarström: Man (1885) worked most with (and whose variety he spoke best) Bojingya or Aka-Bea [abj]",0.2,0.4,0.2,0.2,0.4,0.2,0.2,0.4,0.4,0.2
"SCCS8",1,4,5,2,4,1,2,4,4,1,12,"xd123","Nyakyusa","nyak1261","Nyakyusa (SCCS8)",NA,1934,"Nyakyusa and Ngonde (FN17)","http://ehrafworldcultures.yale.edu/collection?owc=FN17",-9.5,34,-9.5,34,"Original",NA,0.2,0.8,1,0.4,0.8,0.2,0.4,0.8,0.8,0.2
"SCCS80",2,2,2,1,2,1,3,1,1,1,79,"xd690","Vedda","vedd1240","Vedda (SCCS80)","Wanniyalaeto, Veddah",1860,"Vedda (AX05)","http://ehrafworldcultures.yale.edu/collection?owc=AX05",7.75,81.25,7.75,81.25,"Original",NA,0.4,0.4,0.4,0.2,0.4,0.2,0.6,0.2,0.2,0.2
"SCCS81",1,3,5,3,4,1,1,2,3,4,78,"xd689","Tanala","tana1285","Tanala (SCCS81)",NA,1925,"Tanala (FY08)","http://ehrafworldcultures.yale.edu/collection?owc=FY08",-22,48,-22,48,"Original",NA,0.2,0.6,1,0.6,0.8,0.2,0.2,0.4,0.6,0.8
"SCCS82",5,5,5,5,4,4,5,5,4,3,87,"xd723","Negri Sembilan","nege1240","Negri Sembilan (SCCS82)","Negeri Sembilan",1958,NA,NA,2.58,102.25,2.58,102.25,"Original",NA,1,1,1,1,0.8,0.8,1,1,0.8,0.6
"SCCS83",5,5,5,4,5,5,5,5,5,5,95,"xd751","Javanese","java1254","Javanese (SCCS83)",NA,1954,"Javanese (OE05)","http://ehrafworldcultures.yale.edu/collection?owc=OE05",-7.7,112.22,-7.7,112.22,"Original","Note, previously linked to language iso ""jas"" (New Caledonian Javanese); on 3Mar2016 Hannah Haynie checked refs/coordinates and concluded ""jav"" was a better match; it was temporarily switched back to [jas/newc1244] on 8Aug2018 but that was a mistake, should be [jav]/[java1254] (updated note: 5Sept2018 kk)",1,1,1,0.8,1,1,1,1,1,1
"SCCS84",5,5,5,4,5,5,5,5,4,5,96,"xd752","Balinese","bali1278","Balinese (SCCS84)",NA,1958,"Bali (OF07)","http://ehrafworldcultures.yale.edu/collection?owc=OF07",-8.5,115.33,-8.5,115.33,"Original","Note, previously linked to language iso ""mhp"" (Malay, Balinese). Hannah Haynie checked refs/coordinates and concluded ""ban"" (Bali, glottocode bali1278) was a better match (3 Mar 2016)",1,1,1,0.8,1,1,1,1,0.8,1
"SCCS85",1,4,4,1,4,1,1,3,2,2,94,"xd750","Iban","iban1264","Iban (SCCS85)","Dayak, Sea Dayak",1950,"Iban (OC06)","http://ehrafworldcultures.yale.edu/collection?owc=OC06",2,113,2,113,"Original",NA,0.2,0.8,0.8,0.2,0.8,0.2,0.2,0.6,0.4,0.4
"SCCS86",1,1,2,3,1,1,1,1,2,2,92,"xd736","Badjau Tawi-Tawi","sout2918","Badjau (SCCS86)","Tawi-Tawi Badjaw, Badjau",1963,NA,NA,5,120,5,120,"Original",NA,0.2,0.2,0.4,0.6,0.2,0.2,0.2,0.2,0.4,0.4
"SCCS87",2,5,4,2,4,1,2,3,3,2,99,"xd767","Toradja","pamo1252","Toradja (SCCS87)",NA,1910,"Toradja (OG11)","http://ehrafworldcultures.yale.edu/collection?owc=OG11",-2,121,-2,121,"Original","Changed to pamo1252 (pmf, Pamona) from tora1261 (sda, Sa'dan) on 3Oct2018. Reason: the SCCS focus is on the Bare'e subgroup, which is the focus of (Adriani and Kruijt, 1912). Harald Hammarstrom notes that this group speaks Pamona [pmf], not Sa'dan [sda]. Note, this change may not be incorporated to Bouckaert/Atkinson global tree because of timing of correction.",0.4,1,0.8,0.4,0.8,0.2,0.4,0.6,0.6,0.4
"SCCS88",2,5,4,3,4,1,3,3,4,2,97,"xd760","Tobelorese","tobe1252","Tobelorese (SCCS88)","Togutil",1900,NA,NA,2,128,2,127.94,"Revised",NA,0.4,1,0.8,0.6,0.8,0.2,0.6,0.6,0.8,0.4
"SCCS89",2,5,4,2,1,1,4,5,4,2,98,"xd764","Alorese","abui1241","Alorese (SCCS89)","Abui",1938,"Alor (OF05)","http://ehrafworldcultures.yale.edu/collection?owc=OF05",-8.33,124.67,-8.33,124.67,"Original","Changed from aol to abz on 8 April 2017 based on comment from H. Hammarström: Sources are DuBois and Nicolspeyer. They both worked with Abui (abz) speakers.",0.4,1,0.8,0.4,0.2,0.2,0.8,1,0.8,0.4
"SCCS9",1,1,1,1,1,1,1,1,1,1,4,"xd9","Hadza","hadz1240","Hadza (SCCS9)","Hadzabe, Hatsa Kindiga, Hadza, Kindiga",1930,NA,NA,-3.75,35.18,-3.75,35.18,"Original",NA,0.2,0.2,0.2,0.2,0.2,0.2,0.2,0.2,0.2,0.2
"SCCS90",2,1,1,2,1,1,1,1,1,1,101,"xd778","Tiwi","tiwi1244","Tiwi (SCCS90)",NA,1929,"Tiwi (OI20)","http://ehrafworldcultures.yale.edu/collection?owc=OI20",-11.38,131,-11.38,131,"Original",NA,0.4,0.2,0.2,0.4,0.2,0.2,0.2,0.2,0.2,0.2
"SCCS91",3,1,1,1,1,1,1,1,2,1,100,"xd772","Northern Aranda","east2379","Aranda (SCCS91)","Aranda (Northern), Northern Arenda, Arunta",1896,"Aranda (OI08)","http://ehrafworldcultures.yale.edu/collection?owc=OI08",-24.25,133.5,-24.25,133.5,"Original","Note 8Feb2018: Not changed, despite note from HH: ""Why is Strehlow not associated rather with Western Arrarnta [are]"". According to White SCCS Pinpointing sheets, focus is ""The Arunta Mbainda of Alice Springs: [...] closely studied by Spencer and Gillen in 1896, restudied in 1901, and visited by Spencer in 1926 for some follow-up reconstruction work with several informants."" [So, Strehlow was perhaps used for supporting materials?]",0.6,0.2,0.2,0.2,0.2,0.2,0.2,0.2,0.4,0.2
"SCCS92",1,5,4,1,2,1,1,2,2,1,105,"xd823","Orokaiva","orok1269","Orokaiva (SCCS92)",NA,1925,"Orokaiva (OJ23)","http://ehrafworldcultures.yale.edu/collection?owc=OJ23",-8.5,148,-8.5,148,"Original",NA,0.2,1,0.8,0.2,0.4,0.2,0.2,0.4,0.4,0.2
"SCCS93",1,5,5,4,1,1,1,1,2,1,104,"xd794","Kimam","kima1246","Kimam (SCCS93)","Frederik-Hendrik Islanders",1960,NA,NA,-7.5,138.5,-7.5,138.5,"Original",NA,0.2,1,1,0.8,0.2,0.2,0.2,0.2,0.4,0.2
"SCCS94",2,5,4,2,1,1,4,5,3,2,102,"xd785","Mee","ekar1243","Kapauku (SCCS94)","Kapauku",1955,"Kapauku (OJ29)","http://ehrafworldcultures.yale.edu/collection?owc=OJ29",-4,136,-4,136,"Original",NA,0.4,1,0.8,0.4,0.2,0.2,0.8,1,0.6,0.4
"SCCS95",2,5,4,3,2,1,4,4,2,1,103,"xd788","Kwoma","kwom1262","Kwoma (SCCS95)",NA,1937,"Kwoma (OJ13)","http://ehrafworldcultures.yale.edu/collection?owc=OJ13",-4.17,142.67,-4.17,142.67,"Original",NA,0.4,1,0.8,0.6,0.4,0.2,0.8,0.8,0.4,0.2
"SCCS96",2,5,1,3,2,1,4,4,2,2,114,"xd861","Manus","tita1241","Manus (SCCS96)",NA,1929,"Manus (OM06)","http://ehrafworldcultures.yale.edu/collection?owc=OM06",-2.17,147.17,-2.17,147.17,"Original",NA,0.4,1,0.2,0.6,0.4,0.2,0.8,0.8,0.4,0.4
"SCCS97",2,5,4,3,1,1,4,3,2,1,113,"xd856","Lesu","nots1237","New Ireland (SCCS97)","New Irelanders",1930,"Lesu (OM24)","http://ehrafworldcultures.yale.edu/collection?owc=OM24",-2.5,151,-2.71,151,"Revised",NA,0.4,1,0.8,0.6,0.2,0.2,0.8,0.6,0.4,0.2
"SCCS98",1,5,4,2,2,1,1,4,3,3,112,"xd852","Trobriands","kili1267","Trobrianders (SCCS98)",NA,1914,"Trobriands (OL06)","http://ehrafworldcultures.yale.edu/collection?owc=OL06",-8.64,151.01,-8.54,151.01,"Revised",NA,0.2,1,0.8,0.4,0.4,0.2,0.2,0.8,0.6,0.6
"SCCS99",2,5,4,1,2,1,4,4,2,2,111,"xd841","Siuai","siwa1245","Siuai (SCCS99)",NA,1939,"Siwai (ON19)","in process",-7,155.33,-6.76,155.45,"Revised",NA,0.4,1,0.8,0.2,0.4,0.2,0.8,0.8,0.4,0.4
